time,temperature,humidity,ec,ph
2025-05-30 0:00,31.9,34.2,7.6,1
2025-05-30 1:00,31.7,35.5,7.6,1
2025-05-30 2:00,31.5,36.9,7.6,1
2025-05-30 3:00,31.3,37.9,7.6,1
2025-05-30 4:00,31.1,38.5,7.6,1
2025-05-30 5:00,31,39.1,7.6,1
2025-05-30 6:00,30.8,39.9,7.6,1
2025-05-30 7:00,30.6,40.7,7.6,1
2025-05-30 8:00,30.5,41.2,7.6,1
2025-05-30 9:00,25.6,41.7,7.6,1
2025-05-30 10:00,24.7,41.9,7.6,1
2025-05-30 11:00,24.6,41.2,7.6,1
2025-05-30 12:00,24.4,40.4,7.5,1
2025-05-30 13:00,24.4,39.3,7.4,1
2025-05-30 14:00,24.2,31.4,7.4,1
2025-05-30 15:00,24,30.8,7.4,1
2025-05-30 16:00,24.3,35.1,7.4,1
2025-05-30 17:00,24.4,38.4,7.4,1
2025-05-30 18:00,24.6,40.1,7.5,1
2025-05-30 19:00,23.3,38,7.5,1
2025-05-30 20:00,21.5,50.6,7.5,1
2025-05-30 21:00,19.2,67.9,7.6,1
2025-05-30 22:00,19,72.3,7.6,1
2025-05-30 23:00,18.9,72.4,7.6,1
2025-05-31 0:00,20.4,59,7.6,1
2025-05-31 1:00,22.3,46.8,7.6,1
2025-05-31 2:00,23.3,44.3,7.6,1
2025-05-31 3:00,23.8,42.7,7.6,1
2025-05-31 4:00,23.8,41.5,7.6,1
2025-05-31 5:00,23.8,40.8,7.6,1
2025-05-31 6:00,23.8,40.9,7.6,1
2025-05-31 7:00,23.8,40.7,7.6,1
2025-05-31 8:00,23.9,41.2,7.6,1
2025-05-31 9:00,24.1,41.1,7.6,1
2025-05-31 10:00,24.2,39.6,7.6,1
2025-05-31 11:00,24.1,39.9,7.6,1
2025-05-31 12:00,24,38.5,7.6,1
2025-05-31 13:00,24.1,39,7.6,1
2025-05-31 14:00,24.2,38.8,7.6,1
2025-05-31 15:00,24.2,39.5,7.6,1
2025-05-31 16:00,24.2,38.6,7.5,1
2025-05-31 17:00,24.5,41.7,7.5,1
2025-05-31 18:00,24.4,38.9,7.6,1
2025-05-31 19:00,24.4,40.9,7.6,1
2025-05-31 20:00,21.7,51.4,7.6,1
2025-05-31 21:00,19.2,67.7,7.6,1
2025-05-31 22:00,18.9,75.4,7.6,1
2025-05-31 23:00,18.9,77.4,7.6,1
2025-06-01 0:00,20.3,61.6,7.6,1
2025-06-01 1:00,22.2,47.4,7.6,1
2025-06-01 2:00,23.1,44.4,7.6,1
2025-06-01 3:00,23.5,43.6,7.6,1
2025-06-01 4:00,23.7,42,7.6,1
2025-06-01 5:00,23.7,42.1,7.6,1
2025-06-01 6:00,23.8,42,7.6,1
2025-06-01 7:00,23.8,41.4,7.6,1
2025-06-01 8:00,24.1,42.1,7.6,1
2025-06-01 9:00,23.9,39.6,7.6,1
2025-06-01 10:00,24,40.7,7.6,1
2025-06-01 11:00,24.3,40.7,7.6,1
2025-06-01 12:00,24.5,39,7.6,1
2025-06-01 13:00,24.8,38.1,7.6,1
2025-06-01 14:00,24.7,38,7.6,1
2025-06-01 15:00,24.5,37.9,7.6,1
2025-06-01 16:00,24.3,38,7.6,1
2025-06-01 17:00,24.5,40.3,7.6,1
2025-06-01 18:00,24.7,39.7,7.6,1
2025-06-01 19:00,24.6,39.1,7.6,1
2025-06-01 20:00,21.9,51,7.6,1
2025-06-01 21:00,19.3,66.3,7.6,1
2025-06-01 22:00,18.9,72.5,7.6,1
2025-06-01 23:00,18.9,72.7,7.6,1
2025-06-02 0:00,20.4,60.6,7.6,1
2025-06-02 1:00,22.9,49.7,7.6,1
2025-06-02 2:00,24,45.5,7.6,1
2025-06-02 3:00,24.2,42.2,7.6,1
2025-06-02 4:00,24.2,41.9,7.6,1
2025-06-02 5:00,23.9,39.8,7.6,1
2025-06-02 6:00,24,41.1,7.6,1
2025-06-02 7:00,23.9,40.2,7.6,1
2025-06-02 8:00,23.9,41,7.6,1
2025-06-02 9:00,24,41.4,7.6,1
2025-06-02 10:00,24.1,40.6,7.6,1
2025-06-02 11:00,24,39.7,7.6,1
2025-06-02 12:00,24.1,41.9,7.6,1
2025-06-02 13:00,24.4,41.1,7.6,1
2025-06-02 14:00,24.5,39.8,7.6,1
2025-06-02 15:00,24.6,40.3,7.6,1
2025-06-02 16:00,24.4,39.2,7.6,1
2025-06-02 17:00,24.3,40.4,7.6,1
2025-06-02 18:00,24.1,38.9,7.6,1
2025-06-02 19:00,24.1,40.2,7.6,1
2025-06-02 20:00,21.6,52.9,7.6,1
2025-06-02 21:00,19.2,68.5,7.6,1
2025-06-02 22:00,18.9,74.4,7.6,1
2025-06-02 23:00,18.9,75.2,7.6,1
2025-06-03 0:00,20.6,62.7,7.6,1
2025-06-03 1:00,23.1,50.1,7.6,1
2025-06-03 2:00,23.8,43.3,7.6,1
2025-06-03 3:00,24.2,43,7.6,1
2025-06-03 4:00,24.2,41.4,7.6,1
2025-06-03 5:00,24.2,40.5,7.6,1
2025-06-03 6:00,24.1,40.8,7.6,1
2025-06-03 7:00,24.1,40.3,7.6,1
2025-06-03 8:00,24,39.4,7.6,1
2025-06-03 9:00,24,39.6,7.6,1
2025-06-03 10:00,24.3,40.9,7.6,1
2025-06-03 11:00,24.6,38.9,7.6,1
2025-06-03 12:00,24.6,38.1,7.6,1
2025-06-03 13:00,24.3,37.1,7.6,1
2025-06-03 14:00,24.6,40.3,7.6,1
2025-06-03 15:00,24.4,38,7.5,1
2025-06-03 16:00,24.3,39.8,7.5,1
2025-06-03 17:00,24.3,40.2,7.5,1
2025-06-03 18:00,24.6,40.6,7.5,1
2025-06-03 19:00,24.1,38.6,7.4,1
2025-06-03 20:00,21.9,53.3,7.6,1
2025-06-03 21:00,19.2,66.9,7.6,1
2025-06-03 22:00,18.9,73.8,7.6,1
2025-06-03 23:00,18.8,74.3,7.6,1
2025-06-04 0:00,20.3,61.3,7.6,1
2025-06-04 1:00,22.2,46.5,7.6,1
2025-06-04 2:00,23,43.5,7.6,1
2025-06-04 3:00,23.4,42.3,7.6,1
2025-06-04 4:00,23.7,42.2,7.6,1
2025-06-04 5:00,23.7,41.4,7.6,1
2025-06-04 6:00,23.8,41.1,7.6,1
2025-06-04 7:00,23.9,41.5,7.6,1
2025-06-04 8:00,24.1,40.7,7.6,1
2025-06-04 9:00,24.3,40.9,7.6,1
2025-06-04 10:00,24.3,40.8,7.6,1
2025-06-04 11:00,24.5,41,7.6,1
2025-06-04 12:00,24.8,38.8,7.6,1
2025-06-04 13:00,24.7,37.5,7.6,1
2025-06-04 14:00,24.6,37.8,7.6,1
2025-06-04 15:00,24.3,36.5,7.6,1
2025-06-04 16:00,24.1,38.5,7.6,1
2025-06-04 17:00,24.1,39,7.6,1
2025-06-04 18:00,24,38.9,7.6,1
2025-06-04 19:00,24.1,39.8,7.6,1
2025-06-04 20:00,21.8,53.6,7.6,1
2025-06-04 21:00,19.3,66.9,7.6,1
2025-06-04 22:00,18.9,72.4,7.6,1
2025-06-04 23:00,18.9,72,7.6,1
2025-06-05 0:00,20.4,59.9,7.6,1
2025-06-05 1:00,22.3,46.8,7.6,1
2025-06-05 2:00,23.1,43.9,7.6,1
2025-06-05 3:00,23.5,42.8,7.6,1
2025-06-05 4:00,23.7,42.8,7.6,1
2025-06-05 5:00,23.9,42.3,7.6,1
2025-06-05 6:00,23.9,42,7.6,1
2025-06-05 7:00,23.8,40.7,7.6,1
2025-06-05 8:00,23.9,41.3,7.6,1
2025-06-05 9:00,23.9,40.2,7.6,1
2025-06-05 10:00,24.3,41.8,7.6,1
2025-06-05 11:00,24.1,38.1,7.6,1
2025-06-05 12:00,24.4,38.8,7.6,1
2025-06-05 13:00,24.9,38.8,7.6,1
2025-06-05 14:00,24.9,38.2,7.6,1
2025-06-05 15:00,24.4,41.8,7.6,1
2025-06-05 16:00,23.2,46.7,7.6,1
2025-06-05 17:00,23.1,47.8,7.6,1
2025-06-05 18:00,22.2,51.4,7.6,1
2025-06-05 19:00,21.8,49.9,7.6,1
2025-06-05 20:00,21.6,50.2,7.6,1
2025-06-05 21:00,21.6,50.7,7.6,1
2025-06-05 22:00,19.3,62.2,7.6,1
2025-06-05 23:00,17.3,73.1,7.6,1
2025-06-06 0:00,18.7,67.8,7.6,1
2025-06-06 1:00,20.8,56.7,7.6,1
2025-06-06 2:00,21.3,52.9,7.6,1
2025-06-06 3:00,21.3,51.5,7.6,1
2025-06-06 4:00,21.5,51.6,7.6,1
2025-06-06 5:00,21.3,50.5,7.6,1
2025-06-06 6:00,21.3,50.8,7.6,1
2025-06-06 7:00,21.3,51.1,7.6,1
2025-06-06 8:00,21.5,51.4,7.6,1
2025-06-06 9:00,21.6,50,7.6,1
2025-06-06 10:00,21.7,50.1,7.6,1
2025-06-06 11:00,21.7,49.1,7.6,1
2025-06-06 12:00,22,48.2,7.6,1
2025-06-06 13:00,22.2,47.7,7.6,1
2025-06-06 14:00,22.2,48.2,7.6,1
2025-06-06 15:00,22.2,48.5,7.6,1
2025-06-06 16:00,22.2,48.5,7.6,1
2025-06-06 17:00,21.9,47.9,7.6,1
2025-06-06 18:00,21.8,48.7,7.6,1
2025-06-06 19:00,21.7,48.6,7.6,1
2025-06-06 20:00,21.7,49.4,7.6,1
2025-06-06 21:00,21.6,49,7.6,1
2025-06-06 22:00,19.3,62.2,7.6,1
2025-06-06 23:00,17.3,73.3,7.6,1
2025-06-07 0:00,18.8,67.9,7.6,1
2025-06-07 1:00,21.1,55.7,7.6,1
2025-06-07 2:00,21.4,50.5,7.6,1
2025-06-07 3:00,21.3,49.7,7.6,1
2025-06-07 4:00,21.4,50.3,7.6,1
2025-06-07 5:00,21.5,50.1,7.6,1
2025-06-07 6:00,21.5,50.1,7.6,1
2025-06-07 7:00,21.5,50.2,7.6,1
2025-06-07 8:00,21.6,49.5,7.6,1
2025-06-07 9:00,21.7,49.8,7.6,1
2025-06-07 10:00,21.8,49.3,7.6,1
2025-06-07 11:00,21.8,48.6,7.6,1
2025-06-07 12:00,21.8,48.1,7.6,1
2025-06-07 13:00,22.1,48.7,7.6,1
2025-06-07 14:00,22.1,48.3,7.6,1
2025-06-07 15:00,22.1,48.2,7.6,1
2025-06-07 16:00,22,48.4,7.6,1
2025-06-07 17:00,21.9,47.9,7.6,1
2025-06-07 18:00,21.9,48.9,7.6,1
2025-06-07 19:00,21.9,49.2,7.6,1
2025-06-07 20:00,21.8,48.6,7.6,1
2025-06-07 21:00,21.7,48.8,7.6,1
2025-06-07 22:00,19.3,62.1,7.6,1
2025-06-07 23:00,17.2,74.7,7.6,1
2025-06-08 0:00,18.7,68.3,7.6,1
2025-06-08 1:00,21,55,7.6,1
2025-06-08 2:00,21.4,50.5,7.6,1
2025-06-08 3:00,21.5,50.2,7.6,1
2025-06-08 4:00,21.7,49.8,7.6,1
2025-06-08 5:00,21.6,48.6,7.6,1
2025-06-08 6:00,21.6,49.1,7.6,1
2025-06-08 7:00,21.6,48.5,7.6,1
2025-06-08 8:00,21.5,48.2,7.6,1
2025-06-08 9:00,21.7,48.5,7.6,1
2025-06-08 10:00,21.8,48,7.6,1
2025-06-08 11:00,21.9,46.8,7.6,1
2025-06-08 12:00,22.4,46.9,7.6,1
2025-06-08 13:00,22.7,45.8,7.6,1
2025-06-08 14:00,22.7,45.4,7.6,1
2025-06-08 15:00,22.7,45.5,7.6,1
2025-06-08 16:00,22.7,45.7,7.6,1
2025-06-08 17:00,22.6,45.4,7.6,1
2025-06-08 18:00,22.6,45.6,7.6,1
2025-06-08 19:00,22.5,45.4,7.6,1
2025-06-08 20:00,22.5,45.8,7.6,1
2025-06-08 21:00,22.3,45.5,7.6,1
2025-06-08 22:00,19.9,58.6,7.6,1
2025-06-08 23:00,17.6,70.6,7.6,1
2025-06-09 0:00,19,66.8,7.6,1
2025-06-09 1:00,21.4,51.8,7.6,1
2025-06-09 2:00,21.6,47.1,7.6,1
2025-06-09 3:00,21.7,46.7,7.6,1
2025-06-09 4:00,21.8,46.9,7.6,1
2025-06-09 5:00,21.8,45.7,7.6,1
2025-06-09 6:00,21.8,45.6,7.6,1
2025-06-09 7:00,21.8,45.5,7.6,1
2025-06-09 8:00,21.8,45,7.6,1
2025-06-09 9:00,22,45.9,7.6,1
2025-06-09 10:00,25,57.5,7.6,1
2025-06-09 11:00,23.4,56.8,7.6,1
2025-06-09 12:00,22.7,57.2,7.6,1
2025-06-09 13:00,22.9,60.9,7.6,1
2025-06-09 14:00,25.1,61.6,7.6,1
2025-06-09 15:00,23.1,57,7.6,1
2025-06-09 16:00,21.9,55.2,7.6,1
2025-06-09 17:00,21.6,55.2,7.6,1
2025-06-09 18:00,21.4,52.5,7.6,1
2025-06-09 19:00,21.2,52.6,7.6,1
2025-06-09 20:00,21.3,52.8,7.6,1
2025-06-09 21:00,21.2,51.9,7.6,1
2025-06-09 22:00,19.3,64.4,7.6,1
2025-06-09 23:00,18.1,73.7,7.6,1
2025-06-10 0:00,19.3,65.6,7.6,1
2025-06-10 1:00,20.2,54.9,7.6,1
2025-06-10 2:00,20.4,53.7,7.6,1
2025-06-10 3:00,20.5,54,7.6,1
2025-06-10 4:00,20.8,54,7.6,1
2025-06-10 5:00,21,54.1,7.6,1
2025-06-10 6:00,21.1,53.3,7.6,1
2025-06-10 7:00,21.3,53.2,7.6,1
2025-06-10 8:00,21.2,52,7.6,1
2025-06-10 9:00,21.2,52.7,7.6,1
2025-06-10 10:00,21.2,52.2,7.6,1
2025-06-10 11:00,21.2,52.4,7.6,1
2025-06-10 12:00,21.3,53.1,7.6,1
2025-06-10 13:00,21.5,55.8,7.6,1
2025-06-10 14:00,21.6,55.2,7.6,1
2025-06-10 15:00,21.6,52.9,7.6,1
2025-06-10 16:00,21.5,52.1,7.6,1
2025-06-10 17:00,21.6,51.8,7.6,1
2025-06-10 18:00,21.6,52,7.6,1
2025-06-10 19:00,21.5,51.8,7.6,1
2025-06-10 20:00,21.6,52.4,7.6,1
2025-06-10 21:00,21.5,51.8,7.6,1
2025-06-10 22:00,19.6,63.4,7.6,1
2025-06-10 23:00,18.2,71.7,7.6,1
2025-06-11 0:00,19.4,64.9,7.6,1
2025-06-11 1:00,20.4,54.8,7.6,1
2025-06-11 2:00,20.9,55.8,7.6,1
2025-06-11 3:00,21.2,54.5,7.6,1
2025-06-11 4:00,21.2,53.6,7.6,1
2025-06-11 5:00,21.3,53.5,7.6,1
2025-06-11 6:00,21.3,52.6,7.6,1
2025-06-11 7:00,21.3,53.1,7.6,1
2025-06-11 8:00,21.4,52.5,7.6,1
2025-06-11 9:00,21.6,52.8,7.6,1
2025-06-11 10:00,21.7,52.4,7.6,1
2025-06-11 11:00,21.7,50.7,7.6,1
2025-06-11 12:00,22.3,51.4,7.6,1
2025-06-11 13:00,22.3,49.3,7.6,1
2025-06-11 14:00,22,48.9,7.6,1
2025-06-11 15:00,21.9,49.4,7.6,1
2025-06-11 16:00,21.9,49.6,7.6,1
2025-06-11 17:00,21.7,49.7,7.6,1
2025-06-11 18:00,21.7,50.5,7.6,1
2025-06-11 19:00,21.7,50.5,7.6,1
2025-06-11 20:00,21.6,50.6,7.6,1
2025-06-11 21:00,21.7,51.6,7.6,1
2025-06-11 22:00,19.9,63.7,7.6,1
2025-06-11 23:00,18.4,71.5,7.6,1
2025-06-12 0:00,19.5,63.7,7.6,1
2025-06-12 1:00,20.6,55.2,7.6,1
2025-06-12 2:00,20.7,53.3,7.6,1
2025-06-12 3:00,20.9,52.4,7.6,1
2025-06-12 4:00,21,53.6,7.6,1
2025-06-12 5:00,21.1,52.9,7.6,1
2025-06-12 6:00,21.4,53.4,7.6,1
2025-06-12 7:00,21.4,52.8,7.6,1
2025-06-12 8:00,21.7,52.2,7.6,1
2025-06-12 9:00,21.6,50.7,7.6,1
2025-06-12 10:00,21.6,51.2,7.6,1
2025-06-12 11:00,21.9,51.3,7.6,1
2025-06-12 12:00,22.4,50.2,7.6,1
2025-06-12 13:00,22.4,48.5,7.6,1
2025-06-12 14:00,22.3,48.4,7.6,1
2025-06-12 15:00,22.3,48.6,7.6,1
2025-06-12 16:00,22.1,48.6,7.6,1
2025-06-12 17:00,22.1,49.1,7.6,1
2025-06-12 18:00,22,48.5,7.6,1
2025-06-12 19:00,21.9,49.4,7.6,1
2025-06-12 20:00,22,50.2,7.6,1
2025-06-12 21:00,22.1,50.8,7.6,1
2025-06-12 22:00,20,61.1,7.6,1
2025-06-12 23:00,18.7,70.9,7.6,1
2025-06-13 0:00,19.8,62.5,7.6,1
2025-06-13 1:00,21.1,55.5,7.6,1
2025-06-13 2:00,21.2,52.8,7.6,1
2025-06-13 3:00,21.5,53.5,7.6,1
2025-06-13 4:00,21.8,52.8,7.6,1
2025-06-13 5:00,21.8,52.2,7.6,1
2025-06-13 6:00,21.7,51.4,7.6,1
2025-06-13 7:00,21.8,51.9,7.6,1
2025-06-13 8:00,21.8,50.9,7.6,1
2025-06-13 9:00,21.9,51.1,7.6,1
2025-06-13 10:00,21.9,50.4,7.6,1
2025-06-13 11:00,22,50.6,7.6,1
2025-06-13 12:00,22.1,51.3,7.6,1
2025-06-13 13:00,22.2,50.1,7.6,1
2025-06-13 14:00,22.1,50.1,7.6,1
2025-06-13 15:00,22.1,49.7,7.6,1
2025-06-13 16:00,22.1,51,7.6,1
2025-06-13 17:00,22.2,50.7,7.6,1
2025-06-13 18:00,22.1,51.7,7.6,1
2025-06-13 19:00,21.9,50.3,7.6,1
2025-06-13 20:00,21.8,50.8,7.6,1
2025-06-13 21:00,21.8,51.6,7.6,1
2025-06-13 22:00,19.9,63.4,7.6,1
2025-06-13 23:00,18.5,72.7,7.6,1
2025-06-14 0:00,19.7,64,7.6,1
2025-06-14 1:00,20.8,56,7.6,1
2025-06-14 2:00,21.3,54.7,7.6,1
2025-06-14 3:00,21.4,53.6,7.6,1
2025-06-14 4:00,21.6,53.4,7.6,1
2025-06-14 5:00,21.7,52.5,7.6,1
2025-06-14 6:00,21.8,52.6,7.6,1
2025-06-14 7:00,21.7,52.2,7.6,1
2025-06-14 8:00,21.8,52.4,7.6,1
2025-06-14 9:00,21.9,52.6,7.6,1
2025-06-14 10:00,21.9,51.2,7.6,1
2025-06-14 11:00,21.8,50.3,7.6,1
2025-06-14 12:00,22.1,51.4,7.6,1
2025-06-14 13:00,22.1,50,7.6,1
2025-06-14 14:00,22.3,50.2,7.6,1
2025-06-14 15:00,22.2,49.4,7.6,1
2025-06-14 16:00,22.2,49.5,7.6,1
2025-06-14 17:00,22.1,49.5,7.6,1
2025-06-14 18:00,22,49.4,7.6,1
2025-06-14 19:00,22,50.2,7.6,1
2025-06-14 20:00,22.1,51,7.6,1
2025-06-14 21:00,22.2,51.4,7.6,1
2025-06-14 22:00,20.1,60.7,7.6,1
2025-06-14 23:00,18.7,71.4,7.6,1
2025-06-15 0:00,19.8,63.3,7.6,1
2025-06-15 1:00,21.1,54.7,7.6,1
2025-06-15 2:00,21.3,54.7,7.6,1
2025-06-15 3:00,21.7,53.9,7.6,1
2025-06-15 4:00,21.7,52.5,7.6,1
2025-06-15 5:00,21.8,52.5,7.6,1
2025-06-15 6:00,21.7,52.5,7.6,1
2025-06-15 7:00,21.9,52.4,7.6,1
2025-06-15 8:00,21.7,51.1,7.6,1
2025-06-15 9:00,21.8,52.2,7.6,1
2025-06-15 10:00,22.1,51.6,7.6,1
2025-06-15 11:00,22.3,51.6,7.6,1
2025-06-15 12:00,22.4,48.8,7.6,1
2025-06-15 13:00,22.4,48.2,7.6,1
2025-06-15 14:00,22.4,48.2,7.6,1
2025-06-15 15:00,22.3,48.5,7.6,1
2025-06-15 16:00,22.3,49.4,7.6,1
2025-06-15 17:00,22.2,49.8,7.6,1
2025-06-15 18:00,22.1,50,7.6,1
2025-06-15 19:00,22.1,50.6,7.6,1
2025-06-15 20:00,22.1,51.2,7.6,1
2025-06-15 21:00,22,51.3,7.6,1
2025-06-15 22:00,20.1,62.3,7.6,1
2025-06-15 23:00,18.6,73.2,7.6,1
2025-06-16 0:00,19.9,64.7,7.6,1
2025-06-16 1:00,21,56.4,7.6,1
2025-06-16 2:00,21.5,55.5,7.6,1
2025-06-16 3:00,21.6,54.5,7.5,1
2025-06-16 4:00,21.8,54.2,7.5,1
2025-06-16 5:00,21.9,54.5,7.5,1
2025-06-16 6:00,22.2,54.7,7.5,1
2025-06-16 7:00,21.9,52.2,7.5,1
2025-06-16 8:00,22,53.5,7.5,1
2025-06-16 9:00,22,53.5,7.5,1
2025-06-16 10:00,22.1,53.6,7.5,1
2025-06-16 11:00,22.1,53.2,7.5,1
2025-06-16 12:00,21.9,51.6,7.6,1
2025-06-16 13:00,22,53.4,7.6,1
2025-06-16 14:00,21.9,53.8,7.6,1
2025-06-16 15:00,21.9,52.8,7.6,1
2025-06-16 16:00,21.8,52.7,7.6,1
2025-06-16 17:00,21.7,52.5,7.6,1
2025-06-16 18:00,21.7,52.8,7.6,1
2025-06-16 19:00,21.7,52.7,7.6,1
2025-06-16 20:00,21.9,54,7.6,1
2025-06-16 21:00,21.7,51.7,7.6,1
2025-06-16 22:00,19.7,63.6,7.6,1
2025-06-16 23:00,18.6,74.4,7.6,1
2025-06-17 0:00,19.8,65.8,7.6,1
2025-06-17 1:00,20.9,56.4,7.6,1
2025-06-17 2:00,21.4,56.9,7.6,1
2025-06-17 3:00,21.5,54.2,7.6,1
2025-06-17 4:00,21.5,54.3,7.6,1
2025-06-17 5:00,21.5,53.8,7.6,1
2025-06-17 6:00,21.7,54.2,7.6,1
2025-06-17 7:00,21.8,54.6,7.6,1
2025-06-17 8:00,21.8,53.4,7.6,1
2025-06-17 9:00,21.9,54.1,7.6,1
2025-06-17 10:00,22,53.1,7.6,1
2025-06-17 11:00,21.6,51.4,7.6,1
2025-06-17 12:00,21.8,52.1,7.6,1
2025-06-17 13:00,21.9,52.3,7.6,1
2025-06-17 14:00,22,52,7.6,1
2025-06-17 15:00,22,51.3,7.6,1
2025-06-17 16:00,21.9,51.3,7.6,1
2025-06-17 17:00,21.8,51.4,7.6,1
2025-06-17 18:00,21.8,51.6,7.6,1
2025-06-17 19:00,21.8,51.9,7.6,1
2025-06-17 20:00,21.8,51.5,7.6,1
2025-06-17 21:00,21.8,53.1,7.6,1
2025-06-17 22:00,19.8,62.3,7.6,1
2025-06-17 23:00,18.5,72.7,7.6,1
2025-06-18 0:00,19.7,64.3,7.6,1
2025-06-18 1:00,20.9,57.3,7.6,1
2025-06-18 2:00,21.4,55.4,7.6,1
2025-06-18 3:00,21.4,54.5,7.6,1
2025-06-18 4:00,21.6,54.6,7.6,1
2025-06-18 5:00,21.6,54.1,7.6,1
2025-06-18 6:00,21.5,53.1,7.6,1
2025-06-18 7:00,21.6,54.7,7.6,1
2025-06-18 8:00,21.5,52.4,7.6,1
2025-06-18 9:00,21.5,53.4,7.6,1
2025-06-18 10:00,21.5,52.7,7.6,1
2025-06-18 11:00,21.7,52.9,7.6,1
2025-06-18 12:00,22,51.7,7.6,1
2025-06-18 13:00,21.9,50.6,7.6,1
2025-06-18 14:00,21.8,49.9,7.6,1
2025-06-18 15:00,21.9,51.8,7.6,1
2025-06-18 16:00,21.9,51.1,7.6,1
2025-06-18 17:00,22,51.5,7.6,1
2025-06-18 18:00,21.9,51.4,7.6,1
2025-06-18 19:00,21.9,51,7.6,1
2025-06-18 20:00,21.8,51.4,7.6,1
2025-06-18 21:00,21.9,51.9,7.6,1
2025-06-18 22:00,19.8,62.1,7.6,1
2025-06-18 23:00,18.6,71.7,7.6,1
2025-06-19 0:00,19.7,63.5,7.6,1
2025-06-19 1:00,20.9,56.1,7.6,1
2025-06-19 2:00,21.3,55.1,7.6,1
2025-06-19 3:00,21.3,53.6,7.6,1
2025-06-19 4:00,21.5,54.7,7.6,1
2025-06-19 5:00,21.6,53.7,7.6,1
2025-06-19 6:00,21.5,53.3,7.6,1
2025-06-19 7:00,21.6,53.7,7.6,1
2025-06-19 8:00,21.7,53.6,7.6,1
2025-06-19 9:00,21.8,53.1,7.6,1
2025-06-19 10:00,21.8,52.4,7.6,1
2025-06-19 11:00,21.9,51.2,7.6,1
2025-06-19 12:00,22.1,51,6.8,3.5
2025-06-19 13:00,22.1,49.7,6.8,3.4
2025-06-19 14:00,22.1,53.1,6.9,3.2
2025-06-19 15:00,22.1,50.8,6.9,3.1
2025-06-19 16:00,22.1,50.1,6.9,3
2025-06-19 17:00,21.9,49.9,7,2.9
2025-06-19 18:00,22,51,7,2.8
2025-06-19 19:00,21.9,50.7,7,2.7
2025-06-19 20:00,21.8,50.7,7,2.7
2025-06-19 21:00,21.9,51.5,7,3.1
2025-06-19 22:00,20.1,62.7,7,3.1
2025-06-19 23:00,18.7,71.1,7,3
2025-06-20 0:00,20,63.5,7,2.8
2025-06-20 1:00,21.2,57.8,7,2.8
2025-06-20 2:00,21.6,55.7,7.1,2.7
2025-06-20 3:00,21.5,54.3,7.1,2.6
2025-06-20 4:00,21.5,53.7,7.1,2.6
2025-06-20 5:00,21.7,54.9,7.1,2.5
2025-06-20 6:00,21.6,53.9,7.1,2.5
2025-06-20 7:00,21.7,55,7.1,2.4
2025-06-20 8:00,21.7,54.5,7.1,2.4
2025-06-20 9:00,21.9,55.2,7.1,2.4
2025-06-20 10:00,21.9,54.5,7.1,2.4
2025-06-20 11:00,22.1,54.8,7.1,2.3
2025-06-20 12:00,22,53.4,7.1,2.3
2025-06-20 13:00,21.9,52.8,7.1,2.3
2025-06-20 14:00,21.7,52.9,7.1,2.2
2025-06-20 15:00,21.7,52.6,7.2,2.1
2025-06-20 16:00,21.8,53.6,7.2,2.1
2025-06-20 17:00,21.8,52.1,7.2,2
2025-06-20 18:00,21.8,52.3,7.2,2
2025-06-20 19:00,22,52.5,7.2,2
2025-06-20 20:00,22,52.8,7.2,2
2025-06-20 21:00,22,52.7,7.2,1.9
2025-06-20 22:00,20.2,63.3,7.3,1.9
2025-06-20 23:00,18.7,71.6,7.3,1.9
2025-06-21 0:00,19.9,64.1,7.3,2
2025-06-21 1:00,20.9,55.3,7.2,2.1
2025-06-21 2:00,20.9,52.8,7.2,2.1
2025-06-21 3:00,21.2,53.5,7.2,2.1
2025-06-21 4:00,21,52.2,7.2,2.1
2025-06-21 5:00,21.4,54.2,7.2,2.1
2025-06-21 6:00,21.3,53.8,7.2,2.1
2025-06-21 7:00,21.5,53.5,7.2,2.1
2025-06-21 8:00,21.3,52.4,7.2,2.1
2025-06-21 9:00,21.4,53,7.2,2.1
2025-06-21 10:00,21.5,53.5,7.2,2.1
2025-06-21 11:00,21.3,51.9,7.2,2.1
2025-06-21 12:00,21.5,53.9,7.2,2.1
2025-06-21 13:00,21.6,53.1,7.2,2.1
2025-06-21 14:00,21.3,51.8,7.2,2.1
2025-06-21 15:00,21.4,53.7,7.2,2.1
2025-06-21 16:00,21.7,53.5,7.2,2.1
2025-06-21 17:00,21.8,54.4,7.2,2
2025-06-21 18:00,21.6,51.9,7.2,2
2025-06-21 19:00,21.7,53.5,7.2,2
2025-06-21 20:00,21.6,52.5,7.2,2
2025-06-21 21:00,21.3,52.5,7.2,1.9
2025-06-21 22:00,19.4,63.6,7.3,1.9
2025-06-21 23:00,18.3,72.8,7.3,1.9
2025-06-22 0:00,19.5,65.4,7.3,1.8
2025-06-22 1:00,20.7,58,7.3,1.8
2025-06-22 2:00,21.3,57.1,7.3,1.7
2025-06-22 3:00,21.2,55.7,7.4,1.6
2025-06-22 4:00,21.4,55.5,7.4,1.6
2025-06-22 5:00,21.3,54.5,7.4,1.6
2025-06-22 6:00,21.2,55.2,7.4,1.6
2025-06-22 7:00,21.4,55.7,7.4,1.5
2025-06-22 8:00,21.4,54.8,7.4,1.5
2025-06-22 9:00,21.5,54.9,7.4,1.5
2025-06-22 10:00,21.6,54.7,7.5,1.4
2025-06-22 11:00,21.6,53.8,7.5,1.4
2025-06-22 12:00,21.8,54.1,7.5,1.4
2025-06-22 13:00,21.9,53.3,7.4,1.4
2025-06-22 14:00,21.9,53.1,7.4,1.4
2025-06-22 15:00,21.7,52.7,7.4,1.3
2025-06-22 16:00,21.6,53.4,7.4,1.3
2025-06-22 17:00,21.6,54,7.4,1.3
2025-06-22 18:00,21.5,53.2,7.4,1.3
2025-06-22 19:00,21.5,54.5,7.4,1.3
2025-06-22 20:00,21.5,54.6,7.4,1.2
2025-06-22 21:00,21.5,54.5,7.5,1.2
2025-06-22 22:00,19.3,64.2,7.5,1.2
2025-06-22 23:00,18.1,72.9,7.5,1.2
2025-06-23 0:00,19.3,66.3,7.5,1.1
2025-06-23 1:00,20.5,58.1,7.5,1.1
2025-06-23 2:00,20.7,57.3,7.5,1
2025-06-23 3:00,21.2,58.5,7.5,1
2025-06-23 4:00,21.3,57.3,7.6,1
2025-06-23 5:00,21.4,57,7.5,1
2025-06-23 6:00,21.4,56.7,7.5,1
2025-06-23 7:00,21.2,54.2,7.5,1
2025-06-23 8:00,21.4,56.8,7.5,0.9
2025-06-23 9:00,21.5,55.8,7.5,0.9
2025-06-23 10:00,21.3,54.5,7.5,0.9
2025-06-23 11:00,21.5,55.3,7.5,0.9
2025-06-23 12:00,21.7,54.3,7.5,0.9
2025-06-23 13:00,21.9,54,7.5,0.9
2025-06-23 14:00,21.9,53.1,5.7,8.8
2025-06-23 15:00,22.1,57.7,5.8,6.3
2025-06-23 16:00,22,55.5,6.4,3.1
2025-06-23 17:00,22,53.5,6.1,4.6
2025-06-23 18:00,21.9,52.9,6.2,4.5
2025-06-23 19:00,22.1,53.4,6.2,4.1
2025-06-23 20:00,22.1,54.3,6.3,4
2025-06-23 21:00,22.1,53.2,6.3,3.7
2025-06-23 22:00,20.1,64.1,6.4,3.5
2025-06-23 23:00,18.6,72.9,6.4,3.4
2025-06-24 0:00,19.8,65.7,6.5,3.1
2025-06-24 1:00,21.1,57.6,6.6,2.9
2025-06-24 2:00,21.4,56.6,6.6,2.6
2025-06-24 3:00,21.5,55.7,6.6,2.7
2025-06-24 4:00,21.5,55.8,6.7,2.4
2025-06-24 5:00,21.5,54.4,6.7,2.4
2025-06-24 6:00,21.4,55.6,6.7,2.2
2025-06-24 7:00,21.8,57,6.8,2.1
2025-06-24 8:00,22,56.6,6.8,2
2025-06-24 9:00,21.9,55,6.8,1.9
2025-06-24 10:00,22.2,56.5,6.9,1.8
2025-06-24 11:00,23,56,6.9,1.7
2025-06-24 12:00,22.5,51.6,6.9,1.6
2025-06-24 13:00,22.5,53.1,6.9,1.5
2025-06-24 14:00,22.5,52.7,7,1.4
2025-06-24 15:00,22.6,52.9,7,1.3
2025-06-24 16:00,22.6,53,7,1.2
2025-06-24 17:00,22.5,53,7,1.2
2025-06-24 18:00,22.6,53.6,7.1,1.2
2025-06-24 19:00,22.5,53.4,7.2,1.1
2025-06-24 20:00,22.5,53.6,7.2,1.1
2025-06-24 21:00,22.3,54,7.2,1
2025-06-24 22:00,20.5,65.3,7.3,0.9
2025-06-24 23:00,19.1,73.9,7.3,0.9
2025-06-25 0:00,20.4,68.4,7.4,0.9
2025-06-25 1:00,21.9,59.9,7.4,0.9
2025-06-25 2:00,22,57.9,7.4,0.9
2025-06-25 3:00,22,57.3,7.5,0.9
2025-06-25 4:00,22,57.4,7.5,0.8
2025-06-25 5:00,22.3,58.8,7.5,0.8
2025-06-25 6:00,22.1,57.3,7.5,0.8
2025-06-25 7:00,22.2,58.1,7.6,0.8
2025-06-25 8:00,22.2,58.3,7.6,0.8
2025-06-25 9:00,22.6,59.1,7.5,0.8
2025-06-25 10:00,22.7,56.8,7.5,0.8
2025-06-25 11:00,22.6,56.8,7.5,0.8
2025-06-25 12:00,22.8,58.5,7.4,0.8
2025-06-25 13:00,22.7,56.4,7.4,0.8
2025-06-25 14:00,22.6,56.7,7.3,0.8
2025-06-25 15:00,22.6,57.1,7.4,0.8
2025-06-25 16:00,22.6,57.1,7.4,0.8
2025-06-25 17:00,22.5,57.8,7.4,0.9
2025-06-25 18:00,22.5,57.4,7.4,0.9
2025-06-25 19:00,22.5,58.2,7.4,0.9
2025-06-25 20:00,22.6,58.5,7.4,0.9
2025-06-25 21:00,22.6,58.9,7.4,0.9
2025-06-25 22:00,20.5,67.8,7.4,0.9
2025-06-25 23:00,19.2,76.7,7.4,0.9
2025-06-26 0:00,20.5,70.3,7.4,0.9
2025-06-26 1:00,22,62.7,7.4,0.9
2025-06-26 2:00,22.1,60.3,7.4,0.9
2025-06-26 3:00,22.2,61,7.4,0.9
2025-06-26 4:00,22.7,61.5,7.4,0.9
2025-06-26 5:00,22.4,59,7.4,0.9
2025-06-26 6:00,22.4,59.8,7.4,0.9
2025-06-26 7:00,22.5,60.3,7.4,0.9
2025-06-26 8:00,22.4,59.2,7.4,0.9
2025-06-26 9:00,22.4,59.2,7.4,0.9
2025-06-26 10:00,22.5,59.1,7.4,0.9
2025-06-26 11:00,22.7,59.2,7.4,0.9
2025-06-26 12:00,23,58.4,7.4,0.9
2025-06-26 13:00,23.1,58.5,7.4,0.9
2025-06-26 14:00,25.3,63.6,7.4,1
2025-06-26 15:00,26.5,61.7,7.4,1
2025-06-26 16:00,27,60.1,7.4,1
2025-06-26 17:00,27.3,59,7.4,1
2025-06-26 18:00,27.5,58.8,7.4,1
2025-06-26 19:00,27.6,58.6,7.3,1
2025-06-26 20:00,27.5,58.4,7.2,1
2025-06-26 21:00,27.6,58.8,7.2,1
2025-06-26 22:00,25,64.9,7.2,1
2025-06-26 23:00,22.8,71.4,7.2,1
2025-06-27 0:00,24,68.3,7.2,1
2025-06-27 1:00,26.1,63.2,7.2,1
2025-06-27 2:00,26.7,62.4,7.2,1
2025-06-27 3:00,27.1,61.2,7.2,1
2025-06-27 4:00,27.2,60.6,7.2,1
2025-06-27 5:00,27.2,60.1,7.2,1
2025-06-27 6:00,27.3,59.9,7.2,1
2025-06-27 7:00,27.4,60.5,7.2,1
2025-06-27 8:00,27.4,60.1,7.2,1
2025-06-27 9:00,27.6,60.2,7.2,1
2025-06-27 10:00,27.6,59.4,7.2,1
2025-06-27 11:00,24.6,52.9,7.2,1
2025-06-27 12:00,23,54.8,7.2,1
2025-06-27 13:00,22.3,56.2,7.3,1
2025-06-27 14:00,22.1,60.2,7.3,1
2025-06-27 15:00,22.1,57.8,7.3,1
2025-06-27 16:00,21.9,58.1,7.3,1
2025-06-27 17:00,21.8,57.7,7.3,1
2025-06-27 18:00,21.8,58.9,7.3,1
2025-06-27 19:00,21.7,58.8,7.3,1
2025-06-27 20:00,21.8,59.7,7.3,1
2025-06-27 21:00,21.8,59.8,7.3,1
2025-06-27 22:00,19.8,69.2,7.3,1
2025-06-27 23:00,18.5,75.9,7.3,1
2025-06-28 0:00,19.8,70.8,7.3,1
2025-06-28 1:00,21.3,63.3,7.3,1
2025-06-28 2:00,21.5,61.7,7.3,1
2025-06-28 3:00,21.6,61.1,7.3,1
2025-06-28 4:00,21.6,60.7,7.3,1
2025-06-28 5:00,21.6,60.6,7.3,1
2025-06-28 6:00,21.5,60.7,7.2,1
2025-06-28 7:00,21.6,60.8,7.2,1
2025-06-28 8:00,21.6,61.2,7.2,1
2025-06-28 9:00,21.6,60.3,7.2,1
2025-06-28 10:00,21.6,60.1,7.2,1
2025-06-28 11:00,21.5,60.7,7.2,1
2025-06-28 12:00,21.7,60.6,7.2,1
2025-06-28 13:00,21.7,60.5,7.2,1
2025-06-28 14:00,21.8,60.4,7.2,1
2025-06-28 15:00,21.7,59.6,7.2,1
2025-06-28 16:00,21.7,59.7,7.2,1
2025-06-28 17:00,21.7,60.4,7.2,1
2025-06-28 18:00,21.8,60.1,7.2,1
2025-06-28 19:00,21.6,59.5,7.2,1
2025-06-28 20:00,21.7,60.6,7.2,1
2025-06-28 21:00,21.7,60.7,7.2,1
2025-06-28 22:00,19.7,69.6,7.2,1
2025-06-28 23:00,18.4,76.7,7.2,1
2025-06-29 0:00,19.9,72.1,7.2,1
2025-06-29 1:00,21.3,63.3,7.2,1
2025-06-29 2:00,22,63.6,7.2,1
2025-06-29 3:00,21.6,59.6,7.2,1
2025-06-29 4:00,21.5,61.2,7.2,1
2025-06-29 5:00,21.5,60.6,7.2,1
2025-06-29 6:00,21.6,61.4,7.2,1
2025-06-29 7:00,21.6,61,7.2,1
2025-06-29 8:00,21.7,61.3,7.2,1
2025-06-29 9:00,21.6,60.4,7.2,1
2025-06-29 10:00,21.6,60.6,7.2,1
2025-06-29 11:00,21.7,60.7,7.2,1
2025-06-29 12:00,21.9,60.7,7.2,1
2025-06-29 13:00,21.7,59.7,7.2,1
2025-06-29 14:00,21.8,60.2,7.2,1
2025-06-29 15:00,21.8,60.6,7.2,1
2025-06-29 16:00,21.9,59.9,7.2,1
2025-06-29 17:00,22,61,7.2,1
2025-06-29 18:00,22,59.7,7.2,1
2025-06-29 19:00,21.8,59.6,7.2,1
2025-06-29 20:00,21.9,60.3,7.2,1
2025-06-29 21:00,21.8,60.4,7.2,1
2025-06-29 22:00,19.9,69.5,7.2,1
2025-06-29 23:00,18.4,75.3,7.2,1
2025-06-30 0:00,19.6,70.6,7.2,1
2025-06-30 1:00,21.3,64.2,7.2,1
2025-06-30 2:00,21.5,62,7.2,1
2025-06-30 3:00,21.7,61.8,7.2,1
2025-06-30 4:00,21.5,60.5,7.2,1
2025-06-30 5:00,21.7,61.4,7.2,1
2025-06-30 6:00,21.7,61.1,7.2,1
2025-06-30 7:00,21.8,61.4,7.2,1
2025-06-30 8:00,21.8,60.8,7.2,1
2025-06-30 9:00,21.9,61.5,7.2,1
2025-06-30 10:00,22,60.3,7.2,1
2025-06-30 11:00,22,60.5,7.3,1
2025-06-30 12:00,22,60.2,7.4,1
2025-06-30 13:00,21.9,59.5,7.5,1
2025-06-30 14:00,22,60.2,7.5,1
2025-06-30 15:00,22.1,60.4,7.5,1
2025-06-30 16:00,22,59.6,7.4,1
2025-06-30 17:00,21.9,60.2,7.3,1
2025-06-30 18:00,22,60.8,7.3,0.9
2025-06-30 19:00,21.9,60.3,7.2,0.8
2025-06-30 20:00,22,60.7,7.2,0.8
2025-06-30 21:00,21.9,60.5,7.2,0.8
2025-06-30 22:00,19.9,70.5,7.2,0.8
2025-06-30 23:00,18.6,76.4,7.2,0.8
2025-07-01 0:00,19.9,71.9,7.2,0.8
2025-07-01 1:00,21.5,63.6,7.2,0.8
2025-07-01 2:00,21.7,62.4,7.2,0.8
2025-07-01 3:00,21.7,61.1,7.2,0.8
2025-07-01 4:00,21.7,60.9,7.2,0.8
2025-07-01 5:00,21.6,61.1,7.2,0.8
2025-07-01 6:00,21.7,61,7.2,0.8
2025-07-01 7:00,21.8,61.6,7.2,0.8
2025-07-01 8:00,21.8,60.8,7.2,0.8
2025-07-01 9:00,21.8,60.9,7.2,0.7
2025-07-01 10:00,21.9,60.7,7.3,0.7
2025-07-01 11:00,22.2,60,7.3,0.7
2025-07-01 12:00,22.8,60.9,7.3,0.7
2025-07-01 13:00,23,60.7,7.3,0.7
2025-07-01 14:00,23.2,59.1,7.3,0.7
2025-07-01 15:00,23,57.8,7.3,0.7
2025-07-01 16:00,23.1,59.2,7.1,0.7
2025-07-01 17:00,23.1,58.5,7.1,0.7
2025-07-01 18:00,23.1,59,7,0.8
2025-07-01 19:00,23.1,59.3,7,0.8
2025-07-01 20:00,23.1,59.3,7,0.8
2025-07-01 21:00,22.9,59.8,7,0.8
2025-07-01 22:00,20.9,68.5,7,0.8
2025-07-01 23:00,19.6,75.9,7,0.8
2025-07-02 0:00,20.8,70.9,7,0.8
2025-07-02 1:00,22.3,63.5,7,0.8
2025-07-02 2:00,22.6,62.1,7,0.8
2025-07-02 3:00,22.7,61.9,6.9,0.8
2025-07-02 4:00,22.9,61.6,6.8,0.9
2025-07-02 5:00,22.8,60.6,6.8,0.9
2025-07-02 6:00,22.8,60.7,6.8,0.9
2025-07-02 7:00,22.8,60.9,6.8,0.9
2025-07-02 8:00,22.8,60.7,6.8,0.9
2025-07-02 9:00,22.9,60.7,6.8,0.9
2025-07-02 10:00,23.1,60,6.8,0.9
2025-07-02 11:00,23.1,59.2,6.8,0.9
2025-07-02 12:00,23.2,58.3,6.8,0.9
2025-07-02 13:00,23.3,57.6,6.8,0.9
2025-07-02 14:00,23.1,57.2,6.8,0.9
2025-07-02 15:00,23.3,54,6.8,0.9
2025-07-02 16:00,24,53.6,6.7,0.9
2025-07-02 17:00,24.3,52.9,6.6,0.9
2025-07-02 18:00,24.4,52.6,6.6,0.9
2025-07-02 19:00,24.4,51.9,6.6,0.9
2025-07-02 20:00,24.7,54,6.6,0.9
2025-07-02 21:00,24.9,52.4,6.6,0.9
2025-07-02 22:00,22.3,61.4,6.7,0.9
2025-07-02 23:00,20.7,70,6.7,1
2025-07-03 0:00,21.9,64.9,6.7,1
2025-07-03 1:00,23.6,57,6.7,1
2025-07-03 2:00,24.2,56.8,6.7,1
2025-07-03 3:00,24.2,53.4,6.7,1
2025-07-03 4:00,24.3,54.1,6.7,1
2025-07-03 5:00,24.3,53.3,6.7,1
2025-07-03 6:00,24.5,55,6.7,1
2025-07-03 7:00,24.7,53.1,6.6,1
2025-07-03 8:00,24.5,52.6,6.6,1
2025-07-03 9:00,24.4,52.4,6.6,1
2025-07-03 10:00,24.4,52.4,6.6,1
2025-07-03 11:00,24.5,53.2,6.6,1
2025-07-03 12:00,24.4,51.8,6.6,1
2025-07-03 13:00,24.4,51.9,6.6,1
2025-07-03 14:00,24.6,52.2,6.6,1
2025-07-03 15:00,24.7,52.9,6.6,1
2025-07-03 16:00,24.8,52.1,6.6,1
2025-07-03 17:00,24.9,52.7,6.6,1.1
2025-07-03 18:00,24.7,51.8,6.6,1.2
2025-07-03 19:00,24.4,51.5,6.6,1.2
2025-07-03 20:00,23.8,51.6,6.7,1.1
2025-07-03 21:00,23.8,54,6.7,1.1
2025-07-03 22:00,21.6,61.6,6.7,1.1
2025-07-03 23:00,20.1,71,6.7,1.1
2025-07-04 0:00,21.4,66.1,6.7,1.1
2025-07-04 1:00,23.2,59.1,6.7,1.1
2025-07-04 2:00,23.3,55.6,6.7,1
2025-07-04 3:00,23.6,56.9,6.7,1
2025-07-04 4:00,23.5,55,6.7,1
2025-07-04 5:00,23.5,55.5,6.7,1
2025-07-04 6:00,23.4,55.5,6.7,1
2025-07-04 7:00,23.6,56.5,6.7,1
2025-07-04 8:00,23.7,55.7,6.7,1
2025-07-04 9:00,23.5,55.1,6.7,1
2025-07-04 10:00,23.5,55.4,6.7,1
2025-07-04 11:00,23.9,57.5,6.7,1
2025-07-04 12:00,23.9,55.5,6.7,1
2025-07-04 13:00,23.7,54.9,6.7,1
2025-07-04 14:00,23.6,55,6.7,1
2025-07-04 15:00,23.7,55.4,6.7,1
2025-07-04 16:00,24,56.7,6.7,1
2025-07-04 17:00,24,55.4,6.7,1
2025-07-04 18:00,23.8,55.1,6.7,1
2025-07-04 19:00,23.8,55.8,6.7,1
2025-07-04 20:00,23.6,55.1,6.7,1
2025-07-04 21:00,23.7,56.4,6.7,1
2025-07-04 22:00,21.5,64.5,6.7,1
2025-07-04 23:00,20.1,73,6.7,1
2025-07-05 0:00,21.4,67.4,6.7,1
2025-07-05 1:00,22.9,60.5,6.7,1
2025-07-05 2:00,23.3,58.1,6.7,1
2025-07-05 3:00,23.3,57.5,6.7,1
2025-07-05 4:00,23.3,57.5,6.7,1
2025-07-05 5:00,23.5,58.1,6.7,1
2025-07-05 6:00,23.5,57.4,6.7,1
2025-07-05 7:00,23.5,57.3,6.7,1
2025-07-05 8:00,23.6,57.3,6.7,1
2025-07-05 9:00,23.6,57.2,6.7,1
2025-07-05 10:00,23.6,56.7,6.7,1
2025-07-05 11:00,23.7,56.7,6.7,1
2025-07-05 12:00,23.7,56,6.6,1
2025-07-05 13:00,23.9,55.6,6.6,1
2025-07-05 14:00,23.8,55.7,6.6,1
2025-07-05 15:00,23.9,56.3,6.6,1
2025-07-05 16:00,23.8,55.9,6.6,1
2025-07-05 17:00,23.7,56.3,6.6,1
2025-07-05 18:00,24.1,58.4,6.6,1
2025-07-05 19:00,24,56.6,6.6,1
2025-07-05 20:00,23.8,56.6,6.6,1
2025-07-05 21:00,23.7,57.1,6.6,1
2025-07-05 22:00,21.8,66.3,6.6,1
2025-07-05 23:00,20.2,73.5,6.6,1
2025-07-06 0:00,21.5,68,6.6,1
2025-07-06 1:00,22.9,60.1,6.6,1
2025-07-06 2:00,23.2,59.7,6.6,1
2025-07-06 3:00,23.4,58.6,6.6,1
2025-07-06 4:00,23.4,58.6,6.6,1
2025-07-06 5:00,23.5,59.3,6.6,1
2025-07-06 6:00,23.8,59.2,6.6,1
2025-07-06 7:00,23.8,57.8,6.6,1
2025-07-06 8:00,23.6,57.6,6.6,1
2025-07-06 9:00,23.6,58.3,6.6,1
2025-07-06 10:00,23.6,57.8,6.6,1
2025-07-06 11:00,23.6,56.9,6.6,1
2025-07-06 12:00,23.8,56.6,6.6,1
2025-07-06 13:00,23.9,55.8,6.6,1
2025-07-06 14:00,23.9,56.3,6.6,1
2025-07-06 15:00,24,57.2,6.6,1
2025-07-06 16:00,23.9,56.2,6.6,1
2025-07-06 17:00,23.7,56.4,6.6,1
2025-07-06 18:00,23.8,58,6.6,1
2025-07-06 19:00,23.8,56.9,6.6,1
2025-07-06 20:00,23.7,57.7,6.6,1
2025-07-06 21:00,23.7,58.9,6.6,1
2025-07-06 22:00,21.7,66.4,6.6,1
2025-07-06 23:00,20,72.7,6.6,1
2025-07-07 0:00,21.3,68.5,6.6,1
2025-07-07 1:00,23,62.2,6.6,1
2025-07-07 2:00,23.5,61.5,6.6,1
2025-07-07 3:00,23.6,59.4,6.6,1
2025-07-07 4:00,23.7,59.9,6.6,1
2025-07-07 5:00,23.6,58.6,6.6,1
2025-07-07 6:00,24,61.1,6.5,1
2025-07-07 7:00,24,59.3,6.5,1
2025-07-07 8:00,23.7,58.3,6.5,1
2025-07-07 9:00,23.6,57.9,6.5,1
2025-07-07 10:00,23.6,59.1,6.5,1
2025-07-07 11:00,23.9,58.4,6.5,1
2025-07-07 12:00,23.7,57.9,6.5,1
2025-07-07 13:00,23.6,57.6,6.5,1
2025-07-07 14:00,23.8,57.5,6.5,1
2025-07-07 15:00,23.9,58,6.5,1
2025-07-07 16:00,23.8,56.8,6.5,1
2025-07-07 17:00,23.7,57.6,6.6,1
2025-07-07 18:00,23.8,57.9,6.6,1
2025-07-07 19:00,23.7,57.7,6.6,1
2025-07-07 20:00,23.6,58.1,6.6,1
2025-07-07 21:00,23.5,58.2,6.6,1
2025-07-07 22:00,21.4,66.4,6.6,1
2025-07-07 23:00,20,74.2,6.6,1
2025-07-08 0:00,21.3,69,6.6,1
2025-07-08 1:00,22.9,61.9,6.6,1
2025-07-08 2:00,23.2,60.9,6.6,1
2025-07-08 3:00,23.3,60.1,6.6,1
2025-07-08 4:00,23.5,60.2,6.6,1
2025-07-08 5:00,23.7,60.9,6.6,1
2025-07-08 6:00,23.6,59.3,6.6,1
2025-07-08 7:00,23.7,59.8,6.6,1
2025-07-08 8:00,23.7,59.3,6.6,1
2025-07-08 9:00,23.7,58.9,6.6,1
2025-07-08 10:00,23.7,58.9,6.6,1
2025-07-08 11:00,24,59.2,6.6,1
2025-07-08 12:00,24.1,56.4,6.6,1
2025-07-08 13:00,24.1,55.8,6.6,1
2025-07-08 14:00,24.1,56.1,6.6,1
2025-07-08 15:00,24.1,56.1,6.6,1
2025-07-08 16:00,24.1,56.6,6.6,1
2025-07-08 17:00,24.1,57.1,6.6,1
2025-07-08 18:00,24.1,57.3,6.6,1
2025-07-08 19:00,24,57.3,6.6,1
2025-07-08 20:00,24,58.7,6.6,1
2025-07-08 21:00,24,59.7,6.6,1
2025-07-08 22:00,21.8,66.3,6.6,1
2025-07-08 23:00,20.4,74.8,6.6,1
2025-07-09 0:00,21.9,69.6,6.6,1
2025-07-09 1:00,23.2,61.7,6.6,1
2025-07-09 2:00,23.3,60.3,6.6,1
2025-07-09 3:00,23.5,61,6.6,1
2025-07-09 4:00,23.6,60,6.6,1
2025-07-09 5:00,23.5,59.7,6.6,1
2025-07-09 6:00,23.6,60.3,6.6,1
2025-07-09 7:00,23.7,60.2,6.6,1
2025-07-09 8:00,23.7,60.1,6.6,1
2025-07-09 9:00,24.6,57,6.6,1
2025-07-09 10:00,23.6,55.2,6.6,1
2025-07-09 11:00,23.7,56.2,6.6,1
2025-07-09 12:00,23.8,55.9,6.6,1
2025-07-09 13:00,23.8,55.8,6.6,1
2025-07-09 14:00,23.8,56.2,6.6,1
2025-07-09 15:00,23.8,55.3,6.6,1
2025-07-09 16:00,23.9,56.1,6.6,1
2025-07-09 17:00,23.9,56,6.6,1
2025-07-09 18:00,24,55.8,6.7,0.9
2025-07-09 19:00,24,55.6,6.7,0.8
2025-07-09 20:00,23.8,55.4,6.7,0.8
2025-07-09 21:00,23.8,56.3,6.7,0.8
2025-07-09 22:00,20.8,62.7,6.7,0.8
2025-07-09 23:00,18.6,73.7,6.7,0.8
2025-07-10 0:00,19.9,68.5,6.7,0.8
2025-07-10 1:00,21.1,62.5,6.7,0.8
2025-07-10 2:00,22.3,62.4,6.7,0.8
2025-07-10 3:00,22.8,60.4,6.7,0.8
2025-07-10 4:00,23,60.1,6.7,0.8
2025-07-10 5:00,23.2,59.7,6.7,0.8
2025-07-10 6:00,23.3,59.9,6.7,0.8
2025-07-10 7:00,23.4,60.2,6.7,0.8
2025-07-10 8:00,23.5,58.9,6.8,0.8
2025-07-10 9:00,23.6,58.7,6.8,0.8
2025-07-10 10:00,23.8,59.1,6.8,0.8
2025-07-10 11:00,23.9,58.1,6.8,0.8
2025-07-10 12:00,24,56.8,6.8,0.8
2025-07-10 13:00,24,56.7,6.8,0.8
2025-07-10 14:00,24,57,6.8,0.8
2025-07-10 15:00,23.7,56.2,6.8,0.8
2025-07-10 16:00,23.7,57.2,6.8,0.8
2025-07-10 17:00,23.7,56.9,6.8,0.9
2025-07-10 18:00,23.8,56.8,6.8,0.9
2025-07-10 19:00,23.9,57.5,6.8,0.9
2025-07-10 20:00,23.7,56.3,6.7,0.9
2025-07-10 21:00,23.7,57.4,6.7,0.9
2025-07-10 22:00,20.6,63,6.6,0.9
2025-07-10 23:00,18.5,74.1,6.6,0.9
2025-07-11 0:00,19.9,68.9,6.6,0.9
2025-07-11 1:00,20.7,62.3,6.6,0.9
2025-07-11 2:00,21.3,63.6,6.6,0.9
2025-07-11 3:00,22.1,63.3,6.6,0.9
2025-07-11 4:00,22.5,62.9,6.5,0.9
2025-07-11 5:00,22.8,62.1,6.5,0.9
2025-07-11 6:00,22.9,62.2,6.5,0.9
2025-07-11 7:00,23.1,62,6.5,0.9
2025-07-11 8:00,23.3,61.9,6.5,0.9
2025-07-11 9:00,23.5,61.7,6.4,0.9
2025-07-11 10:00,23.5,60.6,6.4,0.9
2025-07-11 11:00,23.5,59.5,6.4,0.9
2025-07-11 12:00,23.4,58.4,6.4,0.9
2025-07-11 13:00,23.4,58.3,6.4,0.9
2025-07-11 14:00,23.5,58.9,6.5,0.9
2025-07-11 15:00,23.5,59.4,6.5,0.9
2025-07-11 16:00,23.4,58.8,6.5,0.9
2025-07-11 17:00,23.4,59.2,6.5,1
2025-07-11 18:00,23.4,59.1,6.5,1
2025-07-11 19:00,23.4,59.4,6.5,1
2025-07-11 20:00,23.4,59.8,6.5,1
2025-07-11 21:00,23.4,59.9,6.5,1
2025-07-11 22:00,20.4,65.7,6.5,1
2025-07-11 23:00,18.4,74.6,6.6,1
2025-07-12 0:00,19.8,70.1,6.6,1
2025-07-12 1:00,20.5,62.4,6.6,1
2025-07-12 2:00,20.8,63.3,6.6,1
2025-07-12 3:00,21.2,63.9,6.6,1
2025-07-12 4:00,21.9,64.2,6.6,1
2025-07-12 5:00,22.3,63.6,6.6,1
2025-07-12 6:00,22.5,63.1,6.6,1
2025-07-12 7:00,22.7,63,6.6,1
2025-07-12 8:00,23,62.2,6.6,1
2025-07-12 9:00,23,61.6,6.6,1
2025-07-12 10:00,23,61.5,6.6,1
2025-07-12 11:00,23.1,60.5,6.6,1
2025-07-12 12:00,23.2,58.9,6.6,1
2025-07-12 13:00,23.2,59.2,6.7,1
2025-07-12 14:00,23.2,59.4,6.7,1
2025-07-12 15:00,23.3,60.4,6.7,1
2025-07-12 16:00,23.2,59.3,6.7,1
2025-07-12 17:00,23.2,60.3,6.7,1
2025-07-12 18:00,23.2,60.3,6.7,1
2025-07-12 19:00,23.3,61,6.7,1
2025-07-12 20:00,23.3,60.8,6.7,1
2025-07-12 21:00,23.3,61.1,6.7,1
2025-07-12 22:00,20.1,66,6.8,1
2025-07-12 23:00,18.4,76.3,6.8,1
2025-07-13 0:00,19.7,71.1,6.8,1
2025-07-13 1:00,20.7,64.3,6.8,1
2025-07-13 2:00,20.7,62.9,6.9,1
2025-07-13 3:00,20.4,63.2,6.9,1
2025-07-13 4:00,20.8,64.4,6.8,1
2025-07-13 5:00,21.5,65.4,6.9,1
2025-07-13 6:00,22,64.9,6.9,1
2025-07-13 7:00,22.3,64.7,6.9,1
2025-07-13 8:00,22.7,64.1,6.9,1
2025-07-13 9:00,22.9,63.4,6.8,1
2025-07-13 10:00,22.9,62.1,6.8,1
2025-07-13 11:00,23,61.9,6.8,1
2025-07-13 12:00,22.9,61.7,6.8,1
2025-07-13 13:00,23,62.1,6.8,1
2025-07-13 14:00,23.1,63.1,6.8,1
2025-07-13 15:00,23.3,62.9,6.8,1
2025-07-13 16:00,23.3,62.4,6.9,1
2025-07-13 17:00,23.1,61.5,6.9,1
2025-07-13 18:00,23,62.1,6.8,1
2025-07-13 19:00,23.2,62.2,6.9,1
2025-07-13 20:00,23,61.8,6.9,1
2025-07-13 21:00,23,62.3,6.9,1
2025-07-13 22:00,20,67.9,6.9,1
2025-07-13 23:00,18.2,76.8,6.9,1
2025-07-14 0:00,19.4,72.4,6.9,1
2025-07-14 1:00,20.4,65.4,7,1
2025-07-14 2:00,20.4,64.4,7,1
2025-07-14 3:00,20.6,64.8,7,1
2025-07-14 4:00,20.5,64.8,7,1
2025-07-14 5:00,20.5,65.1,7,1
2025-07-14 6:00,20.6,64.9,7,1
2025-07-14 7:00,20.8,65.3,7,1
2025-07-14 8:00,20.6,64.4,7,1
2025-07-14 9:00,20.8,64.8,7,1
2025-07-14 10:00,21.4,65.4,7,1
2025-07-14 11:00,20.8,63.1,7,1
2025-07-14 12:00,20.8,63.8,7,1
2025-07-14 13:00,20.7,63.6,7,1
2025-07-14 14:00,21.3,66.8,7,1
2025-07-14 15:00,22.2,65,7.1,1
2025-07-14 16:00,22.5,62.4,7,1
2025-07-14 17:00,22.8,61.7,7,1
2025-07-14 18:00,22.8,61.2,7,1
2025-07-14 19:00,22.9,61.2,7,1
2025-07-14 20:00,23,61.7,7,1
2025-07-14 21:00,23,61.5,7.1,1
2025-07-14 22:00,20.2,68.1,7.1,1
2025-07-14 23:00,18.3,78.4,7.1,1
2025-07-15 0:00,20,74.7,7.1,1
2025-07-15 1:00,21.7,66.8,7.1,1
2025-07-15 2:00,22.2,65.5,7.1,1
2025-07-15 3:00,22.5,65.4,7.1,1
2025-07-15 4:00,22.7,64.5,7.1,1
2025-07-15 5:00,22.7,64.3,7.2,1
2025-07-15 6:00,23,64.6,7.1,1
2025-07-15 7:00,23,63.7,7.1,1
2025-07-15 8:00,22.9,63.3,7.2,1
2025-07-15 9:00,22.9,63.2,7.2,1
2025-07-15 10:00,22.9,63.3,7.2,1
2025-07-15 11:00,23,63.1,7.2,1
2025-07-15 12:00,22.9,62.8,7.2,1
2025-07-15 13:00,23,63,7.2,1
2025-07-15 14:00,23,63.5,7.2,1
2025-07-15 15:00,23.3,63.1,7.2,1
2025-07-15 16:00,23.9,62.5,7.2,1
2025-07-15 17:00,23.9,61.2,7.2,1
2025-07-15 18:00,24,61.3,7.2,1
2025-07-15 19:00,24,61.9,7.2,1
2025-07-15 20:00,23.9,61.8,7.2,1
2025-07-15 21:00,24,62.5,7.2,1
2025-07-15 22:00,21.7,69.7,7.3,1
2025-07-15 23:00,20.1,77.6,7.3,1
2025-07-16 0:00,21.6,73.1,7.3,1
2025-07-16 1:00,23.4,66.1,7.2,1
2025-07-16 2:00,23.6,64.6,7.3,1
2025-07-16 3:00,23.7,63.5,7.3,1
2025-07-16 4:00,23.8,63.6,7.3,1
2025-07-16 5:00,23.9,63.7,7.3,1
2025-07-16 6:00,24,62.8,7.3,1
2025-07-16 7:00,23.9,62.9,7.3,1
2025-07-16 8:00,24,63,7.4,1
2025-07-16 9:00,23.9,62.6,7.4,1
2025-07-16 10:00,23.9,63.3,7.4,1
2025-07-16 11:00,24,61.7,7.4,1
2025-07-16 12:00,24,60.7,7.4,1
2025-07-16 13:00,24,60.4,7.4,1
2025-07-16 14:00,23.9,59.8,7.4,1
2025-07-16 15:00,23.2,57.3,7.4,1
2025-07-16 16:00,23.4,60.7,7.3,1
2025-07-16 17:00,24,60.7,7.3,1
2025-07-16 18:00,23.9,59.1,7.3,1
2025-07-16 19:00,24,60.1,7.3,1
2025-07-16 20:00,24.1,60.1,7.4,1
2025-07-16 21:00,24.1,60.3,7.4,1
2025-07-16 22:00,22,69.1,7.5,1
2025-07-16 23:00,20.5,76.4,7.5,1
2025-07-17 0:00,22,72.5,7.4,1
2025-07-17 1:00,23.6,64,7.4,1
2025-07-17 2:00,23.8,63.2,7.5,1
2025-07-17 3:00,24,62.4,7.5,1
2025-07-17 4:00,23.9,62.1,7.5,1
2025-07-17 5:00,24,63,7.5,1
2025-07-17 6:00,24,62.5,7.6,1
2025-07-17 7:00,24,62.6,7.6,1
2025-07-17 8:00,24,63.2,7.6,1
2025-07-17 9:00,24.1,62.6,7.6,1
2025-07-17 10:00,24,61.6,7.6,1
2025-07-17 11:00,24,61.4,7.6,1
2025-07-17 12:00,24.1,61.7,7.6,1
2025-07-17 13:00,24.2,62.5,7.5,1
2025-07-17 14:00,23.6,57.9,7.4,1
2025-07-17 15:00,22.8,58.8,7.4,1
2025-07-17 16:00,22.8,59.2,7.4,1
2025-07-17 17:00,22.7,59.4,7.4,1
2025-07-17 18:00,22.7,59.7,7.4,1
2025-07-17 19:00,22.8,59.9,7.5,1
2025-07-17 20:00,22.6,59.6,7.5,1
2025-07-17 21:00,22.6,60.2,7.5,1
2025-07-17 22:00,20.7,70.5,7.6,1
2025-07-17 23:00,19.4,78.3,7.6,1
